ID ,Last_Name,City 
4532,Smith ,DC
23456,Tegan ,DC
235636,Jones,DC
354346,Martin ,DC
123453,Vogel,DC
123452,Neauman ,DC
123451,Turner,DC
123450,Cleriens,DC
123449,Sweten,DC
123448,Orton ,DC
123447,Jones,DC
123446,Jonas,DC
123445,Case,DC
123444,Allen,DC
123443,Flerer,DC
123442,Burton,Rockville
123441,Clinton,Rockville
123440,Trumpek,Rockville
123439,Garsen,Rockville
123438,Jenson,Rockville
123437,Shuer,Rockville
53645,Marcus,Bethesda
43536,Mendel,Bethesda
3453456,Kandel,Bethesda